ALWAYS,,,0,NNP,*,T,ALWAYS,*,*,*,*,*
HOT ISSUE,,,0,NNP,*,T,HOT ISSUE,*,*,*,*,*
STAND UP,,,0,NNP,*,T,STAND UP,*,*,*,*,*
MADE,,,0,NNP,*,T,MADE,*,*,*,*,*
FANTASTIC BABY ,,,0,NNP,*,T,FANTASTIC BABY ,*,*,*,*,*
2014 S/S,,,0,NNP,*,T,2014 S/S,*,*,*,*,*
ALIVE,,,0,NNP,*,T,ALIVE,*,*,*,*,*
ALWAYS,,,0,NNP,*,T,ALWAYS,*,*,*,*,*
BIGBANG,,,0,NNP,*,T,BIGBANG,*,*,*,*,*
BIGBANG 03,,,0,NNP,*,T,BIGBANG 03,*,*,*,*,*
BIGBANG IS V.I.P.,,,0,NNP,*,T,BIGBANG IS V.I.P.,*,*,*,*,*
Com’ Back,,,0,NNP,*,T,Com’ Back,*,*,*,*,*
CROSS,,,0,NNP,*,T,CROSS,*,*,*,*,*
EVERYD4Y,,,0,NNP,*,T,EVERYD4Y,*,*,*,*,*
EXIT : E,,,0,NNP,*,T,EXIT : E,*,*,*,*,*
Good Boy,,,0,NNP,*,T,Good Boy,*,*,*,*,*
HOT ISSUE,,,0,NNP,*,T,HOT ISSUE,*,*,*,*,*
i DECIDE,,,0,NNP,*,T,i DECIDE,*,*,*,*,*
LALISA,,,0,NNP,*,T,LALISA,*,*,*,*,*
NEW KIDS : CONTINUE,,,0,NNP,*,T,NEW KIDS : CONTINUE,*,*,*,*,*
NEW KIDS : THE FINAL,,,0,NNP,*,T,NEW KIDS : THE FINAL,*,*,*,*,*
NEXT EPISODE,,,0,NNP,*,T,NEXT EPISODE,*,*,*,*,*
PLAY,,,0,NNP,*,T,PLAY,*,*,*,*,*
R,,,0,NNP,*,T,R,*,*,*,*,*
Remember,,,0,NNP,*,T,Remember,*,*,*,*,*
Return,,,0,NNP,*,T,Return,*,*,*,*,*
Road Fighter,,,0,NNP,*,T,Road Fighter,*,*,*,*,*
SQUARE ONE,,,0,NNP,*,T,SQUARE ONE,*,*,*,*,*
SQUARE TWO,,,0,NNP,*,T,SQUARE TWO,*,*,*,*,*
SQURE UP,,,0,NNP,*,T,SQURE UP,*,*,*,*,*
STAND UP,,,0,NNP,*,T,STAND UP,*,*,*,*,*
STILL ALIVE,,,0,NNP,*,T,STILL ALIVE,*,*,*,*,*
SUMMER EPISODE,,,0,NNP,*,T,SUMMER EPISODE,*,*,*,*,*
THE ALBUM,,,0,NNP,*,T,THE ALBUM,*,*,*,*,*
WE,,,0,NNP,*,T,WE,*,*,*,*,*
WELCOME BACK,,,0,NNP,*,T,WELCOME BACK,*,*,*,*,*
Welcome To The Sechskies Land,,,0,NNP,*,T,Welcome To The Sechskies Land,*,*,*,*,*
꽃 길,,,0,NNP,*,T,꽃 길,*,*,*,*,*
빅뱅 스페셜 에디션,,,0,NNP,*,T,빅뱅 스페셜 에디션,*,*,*,*,*
사춘기 상,,,0,NNP,*,T,사춘기 상,*,*,*,*,*
사춘기 하,,,0,NNP,*,F,사춘기 하,*,*,*,*,*
싱글 A,,,0,NNP,*,T,싱글 A,*,*,*,*,*
싱글 D,,,0,NNP,*,T,싱글 D,*,*,*,*,*
싱글 E,,,0,NNP,*,T,싱글 E,*,*,*,*,*
싱글 M,,,0,NNP,*,T,싱글 M,*,*,*,*,*
학원별곡,,,0,NNP,*,T,학원별곡,*,*,*,*,*
항해,,,0,NNP,*,T,항해,*,*,*,*,*
Heartbreaker,,,0,NNP,*,T,Heartbreaker,*,*,*,*,*
삐딱하게 (Crooked),,,0,NNP,*,T,삐딱하게 (Crooked),*,*,*,*,*
거짓말,,,0,NNP,*,T,거짓말,*,*,*,*,*
뱅뱅뱅 (BANG BANG BANG),,,0,NNP,*,T,뱅뱅뱅 (BANG BANG BANG),*,*,*,*,*
LOSER,,,0,NNP,*,T,LOSER,*,*,*,*,*
BAE BAE,,,0,NNP,*,T,BAE BAE,*,*,*,*,*
200%,,,0,NNP,*,T,200%,*,*,*,*,*
AH YEAH,,,0,NNP,*,T,AH YEAH,*,*,*,*,*
AIRPLANE,,,0,NNP,*,T,AIRPLANE,*,*,*,*,*
Always,,,0,NNP,*,T,Always,*,*,*,*,*
BABY BABY,,,0,NNP,*,T,BABY BABY,*,*,*,*,*
BAE BAE,,,0,NNP,*,T,BAE BAE,*,*,*,*,*
Big Boy,,,0,NNP,*,T,Big Boy,*,*,*,*,*
BLING BLING,,,0,NNP,*,T,BLING BLING,*,*,*,*,*
BOY,,,0,NNP,*,T,BOY,*,*,*,*,*
BREATHE,,,0,NNP,*,T,BREATHE,*,*,*,*,*
BUTTERFLY,,,0,NNP,*,T,BUTTERFLY,*,*,*,*,*
Com’ Back,,,0,NNP,*,T,Com’ Back,*,*,*,*,*
Crying Game,,,0,NNP,*,T,Crying Game,*,*,*,*,*
DINOSAUR,,,0,NNP,*,T,DINOSAUR,*,*,*,*,*
DIRTY CASH,,,0,NNP,*,T,DIRTY CASH,*,*,*,*,*
EVERYDAY,,,0,NNP,*,T,EVERYDAY,*,*,*,*,*
Forever With U,,,0,NNP,*,T,Forever With U,*,*,*,*,*
Forever Young,,,0,NNP,*,T,Forever Young,*,*,*,*,*
Give Love,,,0,NNP,*,T,Give Love,*,*,*,*,*
Gone,,,0,NNP,*,T,Gone,*,*,*,*,*
Good Bye Baby,,,0,NNP,*,T,Good Bye Baby,*,*,*,*,*
HAPPENING,,,0,NNP,*,T,HAPPENING,*,*,*,*,*
HEARTBREAKER,,,0,NNP,*,T,HEARTBREAKER,*,*,*,*,*
High High,,,0,NNP,*,T,High High,*,*,*,*,*
How You Like That,,,0,NNP,*,T,How You Like That,*,*,*,*,*
Ice Cream,,,0,NNP,*,T,Ice Cream,*,*,*,*,*
IF YOU,,,0,NNP,*,T,IF YOU,*,*,*,*,*
I'M OK,,,0,NNP,*,T,I'M OK,*,*,*,*,*
ISLAND,,,0,NNP,*,T,ISLAND,*,*,*,*,*
Kill This Love,,,0,NNP,*,T,Kill This Love,*,*,*,*,*
LA-LA-LA,,,0,NNP,*,T,LA-LA-LA,*,*,*,*,*
LALISA,,,0,NNP,*,T,LALISA,*,*,*,*,*
LAST DANCE,,,0,NNP,*,T,LAST DANCE,*,*,*,*,*
LOSER,,,0,NNP,*,T,LOSER,*,*,*,*,*
LOVE ME LOVE ME,,,0,NNP,*,T,LOVE ME LOVE ME,*,*,*,*,*
Lovesick Girls,,,0,NNP,*,T,Lovesick Girls,*,*,*,*,*
Ma Girl,,,0,NNP,*,T,Ma Girl,*,*,*,*,*
MILLIONS,,,0,NNP,*,T,MILLIONS,*,*,*,*,*
MONSTER,,,0,NNP,*,T,MONSTER,*,*,*,*,*
MY HEAVEN,,,0,NNP,*,T,MY HEAVEN,*,*,*,*,*
MY TREASURE,,,0,NNP,*,T,MY TREASURE,*,*,*,*,*
Oh My Friend,,,0,NNP,*,T,Oh My Friend,*,*,*,*,*
Oh Yeah,,,0,NNP,*,T,Oh Yeah,*,*,*,*,*
Okey Dokey,,,0,NNP,*,T,Okey Dokey,*,*,*,*,*
On The Ground,,,0,NNP,*,T,On The Ground,*,*,*,*,*
one of a kind,,,0,NNP,*,T,one of a kind,*,*,*,*,*
Pretty Savage,,,0,NNP,*,T,Pretty Savage,*,*,*,*,*
REALLY REALLY,,,0,NNP,*,T,REALLY REALLY,*,*,*,*,*
RE-BYE,,,0,NNP,*,T,RE-BYE,*,*,*,*,*
Remember,,,0,NNP,*,T,Remember,*,*,*,*,*
Road Fighter,,,0,NNP,*,T,Road Fighter,*,*,*,*,*
RUNAWAY,,,0,NNP,*,T,RUNAWAY,*,*,*,*,*
SOLO,,,0,NNP,*,T,SOLO,*,*,*,*,*
SOSO,,,0,NNP,*,T,SOSO,*,*,*,*,*
STAY,,,0,NNP,*,T,STAY,*,*,*,*,*
STILL ALIVE,,,0,NNP,*,T,STILL ALIVE,*,*,*,*,*
This Love,,,0,NNP,*,T,This Love,*,*,*,*,*
Turn It Up,,,0,NNP,*,T,Turn It Up,*,*,*,*,*
We Belong Together,,,0,NNP,*,T,We Belong Together,*,*,*,*,*
WE LIKE 2 PARTY,,,0,NNP,*,T,WE LIKE 2 PARTY,*,*,*,*,*
거북선,,,0,NNP,*,T,거북선,*,*,*,*,*
거짓말,,,0,NNP,*,T,거짓말,*,*,*,*,*
겁,,,0,NNP,*,T,겁,*,*,*,*,*
공허해,,,0,NNP,*,T,공허해,*,*,*,*,*
그 XX,,,0,NNP,*,T,그 XX,*,*,*,*,*
기사도,,,0,NNP,*,F,기사도,*,*,*,*,*
꽃 길,,,0,NNP,*,T,꽃 길,*,*,*,*,*
나는 달라,,,0,NNP,*,F,나는 달라,*,*,*,*,*
낙하,,,0,NNP,*,F,낙하,*,*,*,*,*
너를 보내며,,,0,NNP,*,F,너를 보내며,*,*,*,*,*
눈물뿐인 바보,,,0,NNP,*,F,눈물뿐인 바보,*,*,*,*,*
덤앤더머,,,0,NNP,*,F,덤앤더머,*,*,*,*,*
도망가,,,0,NNP,*,F,도망가,*,*,*,*,*
뚜두뚜두,,,0,NNP,*,F,뚜두뚜두,*,*,*,*,*
뛰어들게,,,0,NNP,*,T,뛰어들게,*,*,*,*,*
뜸,,,0,NNP,*,T,뜸,*,*,*,*,*
리듬 타,,,0,NNP,*,F,리듬 타,*,*,*,*,*
리얼리티,,,0,NNP,*,F,리얼리티,*,*,*,*,*
마지막 인사,,,0,NNP,*,F,마지막 인사,*,*,*,*,*
마지막처럼,,,0,NNP,*,T,마지막처럼,*,*,*,*,*
맙소사,,,0,NNP,*,F,맙소사,*,*,*,*,*
맨정신,,,0,NNP,*,T,맨정신,*,*,*,*,*
무모한 사랑,,,0,NNP,*,T,무모한 사랑,*,*,*,*,*
무제,,,0,NNP,*,T,무제,*,*,*,*,*
물 만난 물고기,,,0,NNP,*,F,물 만난 물고기,*,*,*,*,*
뱅뱅뱅,,,0,NNP,*,T,뱅뱅뱅,*,*,*,*,*
벌떼,,,0,NNP,*,T,벌떼,*,*,*,*,*
불장난,,,0,NNP,*,T,불장난,*,*,*,*,*
붉은 노을,,,0,NNP,*,T,붉은 노을,*,*,*,*,*
붐바야,,,0,NNP,*,F,붐바야,*,*,*,*,*
사람들이 움직이는 게,,,0,NNP,*,T,사람들이 움직이는 게,*,*,*,*,*
사랑을 했다,,,0,NNP,*,F,사랑을 했다,*,*,*,*,*
사랑해,,,0,NNP,*,T,사랑해,*,*,*,*,*
센치해,,,0,NNP,*,T,센치해,*,*,*,*,*
소년이여,,,0,NNP,*,F,소년이여,*,*,*,*,*
시간과 낙엽,,,0,NNP,*,T,시간과 낙엽,*,*,*,*,*
아낙네,,,0,NNP,*,T,아낙네,*,*,*,*,*
아무렇지 않은 척,,,0,NNP,*,T,아무렇지 않은 척,*,*,*,*,*
아이야,,,0,NNP,*,F,아이야,*,*,*,*,*
야 우냐,,,0,NNP,*,F,야 우냐,*,*,*,*,*
얼음들,,,0,NNP,*,T,얼음들,*,*,*,*,*
에라 모르겠다,,,0,NNP,*,F,에라 모르겠다,*,*,*,*,*
예감,,,0,NNP,*,T,예감,*,*,*,*,*
오늘 모해,,,0,NNP,*,T,오늘 모해,*,*,*,*,*
오랜 날 오랜 밤,,,0,NNP,*,T,오랜 날 오랜 밤,*,*,*,*,*
왜 또,,,0,NNP,*,F,왜 또,*,*,*,*,*
왜왜왜,,,0,NNP,*,F,왜왜왜,*,*,*,*,*
우리 사랑하지 말아요,,,0,NNP,*,F,우리 사랑하지 말아요,*,*,*,*,*
음 (MMM),,,0,NNP,*,T,음 (MMM),*,*,*,*,*
이리오너라,,,0,NNP,*,F,이리오너라,*,*,*,*,*
이별길,,,0,NNP,*,T,이별길,*,*,*,*,*
죽겠다,,,0,NNP,*,F,죽겠다,*,*,*,*,*
지못미,,,0,NNP,*,F,지못미,*,*,*,*,*
쩔어,,,0,NNP,*,F,쩔어,*,*,*,*,*
천국,,,0,NNP,*,T,천국,*,*,*,*,*
취향저격,,,0,NNP,*,T,취향저격,*,*,*,*,*
커플,,,0,NNP,*,T,커플,*,*,*,*,*
컬러링,,,0,NNP,*,T,컬러링,*,*,*,*,*
크레용,,,0,NNP,*,T,크레용,*,*,*,*,*
탕!♡,,,0,NNP,*,T,탕!♡,*,*,*,*,*
판타스틱 베이비,,,0,NNP,*,F,판타스틱 베이비,*,*,*,*,*
하루하루,,,0,NNP,*,F,하루하루,*,*,*,*,*
휘파람,,,0,NNP,*,T,휘파람,*,*,*,*,*
넥스트레벨,,,0,NNP,*,T,넥스트레벨,*,*,*,*,*
별빛사랑,,,0,NNP,*,T,별빛사랑,*,*,*,*,*
헤이마마,,,0,NNP,*,F,헤이마마,*,*,*,*,*
싱어게인,,,0,NNP,*,T,싱어게인,*,*,*,*,*
히든싱어,,,0,NNP,*,F,히든싱어,*,*,*,*,*
설강화,,,0,NNP,*,F,설강화,*,*,*,*,*
조선구마사,,,0,NNP,*,F,조선구마사,*,*,*,*,*
아이리스,,,0,NNP,*,F,아이리스,*,*,*,*,*
패밀리가 떴다,,,0,NNP,*,F,패밀리가 떴다,*,*,*,*,*
동창생,,,0,NNP,*,T,동창생,*,*,*,*,*
아이 엠 샘,,,0,NNP,*,T,아이 엠 샘,*,*,*,*,*
나인틴,,,0,NNP,*,T,나인틴,*,*,*,*,*
런닝맨,,,0,NNP,*,T,런닝맨,*,*,*,*,*
해피투게더,,,0,NNP,*,F,해피투게더,*,*,*,*,*
유희열의 스케치북,,,0,NNP,*,T,유희열의 스케치북,*,*,*,*,*
냉장고를 부탁해,,,0,NNP,*,T,냉장고를 부탁해,*,*,*,*,*
삼시세끼,,,0,NNP,*,F,삼시세끼,*,*,*,*,*
판타스틱 듀오,,,0,NNP,*,F,판타스틱 듀오,*,*,*,*,*
K팝스타,,,0,NNP,*,F,K팝스타,*,*,*,*,*
딩고뮤직,,,0,NNP,*,T,딩고뮤직,*,*,*,*,*
쇼미더머니,,,0,NNP,*,F,쇼미더머니,*,*,*,*,*
아는형님,,,0,NNP,*,T,아는형님,*,*,*,*,*
복면가왕,,,0,NNP,*,T,복면가왕,*,*,*,*,*
킹덤,,,0,NNP,*,T,킹덤,*,*,*,*,*
퀸덤,,,0,NNP,*,T,퀸덤,*,*,*,*,*
로드투킹덤,,,0,NNP,*,T,로드투킹덤,*,*,*,*,*
슈퍼스타K,,,0,NNP,*,T,슈퍼스타K,*,*,*,*,*
싱어게인2,,,0,NNP,*,T,싱어게인2,*,*,*,*,*
신서유기,,,0,NNP,*,F,신서유기,*,*,*,*,*
쇼미,,,0,NNP,*,F,쇼미,*,*,*,*,*
스트릿우먼파이터,,,0,NNP,*,F,스트릿우먼파이터,*,*,*,*,*
스우파,,,0,NNP,*,F,스우파,*,*,*,*,*
스걸파,,,0,NNP,*,F,스걸파,*,*,*,*,*
스트릿걸스파이터,,,0,NNP,*,F,스트릿걸스파이터,*,*,*,*,*
보이즈플래닛,,,0,NNP,*,T,보이즈플래닛,*,*,*,*,*
믹스나인,,,0,NNP,*,T,믹스나인,*,*,*,*,*
문명특급,,,0,NNP,*,T,문명특급,*,*,*,*,*
아육대,,,0,NNP,*,T,아육대,*,*,*,*,*
엔칸토,,,0,NNP,*,F,엔칸토,*,*,*,*,*
YG보석함,,,0,NNP,*,T,YG보석함,*,*,*,*,*
프로듀스,,,0,NNP,*,F,프로듀스,*,*,*,*,*
프듀,,,0,NNP,*,F,프듀,*,*,*,*,*
나 혼자 산다,,,0,NNP,*,F,나 혼자 산다,*,*,*,*,*
나혼산,,,0,NNP,*,T,나혼산,*,*,*,*,*
미운 우리 새끼,,,0,NNP,*,F,미운 우리 새끼,*,*,*,*,*
미우새,,,0,NNP,*,T,미우새,*,*,*,*,*
놀면뭐하니,,,0,NNP,*,F,놀면뭐하니,*,*,*,*,*
방과후 설렘,,,0,NNP,*,T,방과후 설렘,*,*,*,*,*
루이비통,,,0,NNP,*,T,루이비통,*,*,*,*,*
크롬 하츠,,,0,NNP,*,F,크롬 하츠,*,*,*,*,*
톰 브라운,,,0,NNP,*,T,톰 브라운,*,*,*,*,*
생로랑,,,0,NNP,*,T,생로랑,*,*,*,*,*
MCM,,,0,NNP,*,T,MCM,*,*,*,*,*
삼성전자,,,0,NNP,*,F,삼성전자,*,*,*,*,*
현대카드,,,0,NNP,*,F,현대카드,*,*,*,*,*
데이즈드,,,0,NNP,*,F,데이즈드,*,*,*,*,*
나이키,,,0,NNP,*,F,나이키,*,*,*,*,*
아디다스,,,0,NNP,*,F,아디다스,*,*,*,*,*
데상트,,,0,NNP,*,F,데상트,*,*,*,*,*
노스페이스,,,0,NNP,*,F,노스페이스,*,*,*,*,*
푸마,,,0,NNP,*,F,푸마,*,*,*,*,*
컨버스,,,0,NNP,*,F,컨버스,*,*,*,*,*
무신사,,,0,NNP,*,F,무신사,*,*,*,*,*
마녀공장,,,0,NNP,*,T,마녀공장,*,*,*,*,*
디올,,,0,NNP,*,T,디올,*,*,*,*,*
뷰티스토리,,,0,NNP,*,F,뷰티스토리,*,*,*,*,*
엘르코리아,,,0,NNP,*,F,엘르코리아,*,*,*,*,*
싸이월드,,,0,NNP,*,F,싸이월드,*,*,*,*,*
백비트,,,0,NNP,*,F,백비트,*,*,*,*,*
소리바다,,,0,NNP,*,F,소리바다,*,*,*,*,*
멜론,,,0,NNP,*,T,멜론,*,*,*,*,*
Mnet,,,0,NNP,*,T,Mnet,*,*,*,*,*
오리콘 차트,,,0,NNP,*,F,오리콘 차트,*,*,*,*,*
닛폰 테레비,,,0,NNP,*,F,닛폰 테레비,*,*,*,*,*
SBS,,,0,NNP,*,T,SBS,*,*,*,*,*
KBS,,,0,NNP,*,T,KBS,*,*,*,*,*
MBC,,,0,NNP,*,T,MBC,*,*,*,*,*
가온 차트,,,0,NNP,*,F,가온 차트,*,*,*,*,*
무한도전,,,0,NNP,*,T,무한도전,*,*,*,*,*
중국 QQ뮤직,,,0,NNP,*,T,중국 QQ뮤직,*,*,*,*,*
네이버 V앱,,,0,NNP,*,T,네이버 V앱,*,*,*,*,*
올레,,,0,NNP,*,T,올레,*,*,*,*,*
벅스,,,0,NNP,*,F,벅스,*,*,*,*,*
엠넷,,,0,NNP,*,T,엠넷,*,*,*,*,*
지니,,,0,NNP,*,F,지니,*,*,*,*,*
네이버,,,0,NNP,*,F,네이버,*,*,*,*,*
JTBC,,,0,NNP,*,T,JTBC,*,*,*,*,*
뮤직뱅크,,,0,NNP,*,F,뮤직뱅크,*,*,*,*,*
인기가요,,,0,NNP,*,F,인기가요,*,*,*,*,*
엠카운트다운,,,0,NNP,*,T,엠카운트다운,*,*,*,*,*
음악중심,,,0,NNP,*,T,음악중심,*,*,*,*,*
쇼음악중심,,,0,NNP,*,T,쇼음악중심,*,*,*,*,*
빌보드,,,0,NNP,*,F,빌보드,*,*,*,*,*
위버스,,,0,NNP,*,F,위버스,*,*,*,*,*
인스타그램,,,0,NNP,*,T,인스타그램,*,*,*,*,*
채널A,,,0,NNP,*,T,채널A,*,*,*,*,*
카카오TV,,,0,NNP,*,T,카카오TV,*,*,*,*,*
네이버TV,,,0,NNP,*,T,네이버TV,*,*,*,*,*
걸스플래닛,,,0,NNP,*,T,걸스플래닛,*,*,*,*,*
보이스코리아,,,0,NNP,*,F,보이스코리아,*,*,*,*,*
스우파,,,0,NNP,*,F,스우파,*,*,*,*,*
아이랜드,,,0,NNP,*,F,아이랜드,*,*,*,*,*
주간아이돌,,,0,NNP,*,T,주간아이돌,*,*,*,*,*
프로듀스101,,,0,NNP,*,T,프로듀스101,*,*,*,*,*
한터차트,,,0,NNP,*,F,한터차트,*,*,*,*,*
인스타,,,0,NNP,*,F,인스타,*,*,*,*,*
가온차트,,,0,NNP,*,F,가온차트,*,*,*,*,*
가요대축제,,,0,NNP,*,T,가요대축제,*,*,*,*,*
디시인사이드,,,0,NNP,*,F,디시인사이드,*,*,*,*,*
디씨,,,0,NNP,*,F,디씨,*,*,*,*,*
브이앱,,,0,NNP,*,T,브이앱,*,*,*,*,*
엠카,,,0,NNP,*,F,엠카,*,*,*,*,*
펨코,,,0,NNP,*,F,펨코,*,*,*,*,*
Korean Music Awards,,,0,NNP,*,T,Korean Music Awards,*,*,*,*,*
한국대중음악상,,,0,NNP,*,T,한국대중음악상,*,*,*,*,*
서울가요대상,,,0,NNP,*,T,서울가요대상,*,*,*,*,*
싸이월드 디지털 뮤직 어워드,,,0,NNP,*,F,싸이월드 디지털 뮤직 어워드,*,*,*,*,*
MAMA,,,0,NNP,*,T,MAMA,*,*,*,*,*
MKMF,,,0,NNP,*,T,MKMF,*,*,*,*,*
MTV 유럽 뮤직 어워드,,,0,NNP,*,F,MTV 유럽 뮤직 어워드,*,*,*,*,*
MBC 방송대상,,,0,NNP,*,T,MBC 방송대상,*,*,*,*,*
골든디스크 시상식,,,0,NNP,*,T,골든디스크 시상식,*,*,*,*,*
멜론 뮤직 어워드,,,0,NNP,*,F,멜론 뮤직 어워드,*,*,*,*,*
MMA,,,0,NNP,*,T,MMA,*,*,*,*,*
엠넷 아시안 뮤직 어워드,,,0,NNP,*,F,엠넷 아시안 뮤직 어워드,*,*,*,*,*
QQ 뮤직 어워드,,,0,NNP,*,F,QQ 뮤직 어워드,*,*,*,*,*
가온차트 K-POP 어워드,,,0,NNP,*,F,가온차트 K-POP 어워드,*,*,*,*,*
스타일아이콘어워즈,,,0,NNP,*,F,스타일아이콘어워즈,*,*,*,*,*
가요대전,,,0,NNP,*,T,가요대전,*,*,*,*,*
일본 레코드대상,,,0,NNP,*,T,일본 레코드대상,*,*,*,*,*
이탈리안 MTV 어워즈,,,0,NNP,*,F,이탈리안 MTV 어워즈,*,*,*,*,*
서울가요대상,,,0,NNP,*,T,서울가요대상,*,*,*,*,*
싱가포르 엔터테인먼트 어워드(SEA),,,0,NNP,*,T,싱가포르 엔터테인먼트 어워드(SEA),*,*,*,*,*
대중문화예술상,,,0,NNP,*,T,대중문화예술상,*,*,*,*,*
대한민국 콘텐츠 어워드,,,0,NNP,*,F,대한민국 콘텐츠 어워드,*,*,*,*,*
일본 NTV 베스트히트가요제,,,0,NNP,*,T,일본 NTV 베스트히트가요제,*,*,*,*,*
니켈로디언 키즈 초이스 어워드,,,0,NNP,*,F,니켈로디언 키즈 초이스 어워드,*,*,*,*,*
백상예술대상,,,0,NNP,*,T,백상예술대상,*,*,*,*,*
가요대제전,,,0,NNP,*,T,가요대제전,*,*,*,*,*
골든디스크어워즈,,,0,NNP,*,F,골든디스크어워즈,*,*,*,*,*
빌보드뮤직어워즈,,,0,NNP,*,F,빌보드뮤직어워즈,*,*,*,*,*
아메리칸뮤직어워즈,,,0,NNP,*,F,아메리칸뮤직어워즈,*,*,*,*,*
아시아모델어워즈,,,0,NNP,*,F,아시아모델어워즈,*,*,*,*,*
아시아아티스트어워즈,,,0,NNP,*,F,아시아아티스트어워즈,*,*,*,*,*
한터뮤직어워즈,,,0,NNP,*,F,한터뮤직어워즈,*,*,*,*,*
월드뮤직어워드,,,0,NNP,*,F,월드뮤직어워드,*,*,*,*,*
아카데미시상식,,,0,NNP,*,T,아카데미시상식,*,*,*,*,*
문화연예대상,,,0,NNP,*,T,문화연예대상,*,*,*,*,*
멜론뮤직어워드,,,0,NNP,*,F,멜론뮤직어워드,*,*,*,*,*
멜론차트,,,0,NNP,*,F,멜론차트,*,*,*,*,*
지니뮤직,,,0,NNP,*,T,지니뮤직,*,*,*,*,*
너튜브,,,0,NNP,*,F,너튜브,*,*,*,*,*
릴스,,,0,NNP,*,F,릴스,*,*,*,*,*
SM엔터테인먼트,,,0,NNP,*,F,SM엔터테인먼트,*,*,*,*,*
DSP 미디어,,,0,NNP,*,F,DSP 미디어,*,*,*,*,*
YG엔터테인먼트,,,0,NNP,*,F,YG엔터테인먼트,*,*,*,*,*
JYP엔터테인먼트,,,0,NNP,*,F,JYP엔터테인먼트,*,*,*,*,*
빅히트,,,0,NNP,*,F,빅히트,*,*,*,*,*
하이브,,,0,NNP,*,F,하이브,*,*,*,*,*
SM,,,0,NNP,*,T,SM,*,*,*,*,*
YG,,,0,NNP,*,T,YG,*,*,*,*,*
JYP,,,0,NNP,*,T,JYP,*,*,*,*,*
HYBE,,,0,NNP,*,T,HYBE,*,*,*,*,*
빌리프랩,,,0,NNP,*,T,빌리프랩,*,*,*,*,*
브랜뉴뮤직,,,0,NNP,*,T,브랜뉴뮤직,*,*,*,*,*
울림,,,0,NNP,*,T,울림,*,*,*,*,*
스타쉽,,,0,NNP,*,T,스타쉽,*,*,*,*,*
판타지오,,,0,NNP,*,F,판타지오,*,*,*,*,*
플레디스,,,0,NNP,*,F,플레디스,*,*,*,*,*
마루기획,,,0,NNP,*,T,마루기획,*,*,*,*,*
위에화,,,0,NNP,*,F,위에화,*,*,*,*,*
인터파크,,,0,NNP,*,F,인터파크,*,*,*,*,*
카카오,,,0,NNP,*,F,카카오,*,*,*,*,*
안테나,,,0,NNP,*,F,안테나,*,*,*,*,*
CJ ENM,,,0,NNP,*,T,CJ ENM,*,*,*,*,*
iHQ,,,0,NNP,*,T,iHQ,*,*,*,*,*
WM엔터,,,0,NNP,*,F,WM엔터,*,*,*,*,*
와이지,,,0,NNP,*,F,와이지,*,*,*,*,*
제왑,,,0,NNP,*,T,제왑,*,*,*,*,*
제왚,,,0,NNP,*,T,제왚,*,*,*,*,*
제와피,,,0,NNP,*,F,제와피,*,*,*,*,*
제이와이피,,,0,NNP,*,F,제이와이피,*,*,*,*,*
AP엔터테인먼트,,,0,NNP,*,F,AP엔터테인먼트,*,*,*,*,*
BH엔터테인먼트,,,0,NNP,*,F,BH엔터테인먼트,*,*,*,*,*
CJ엔터테인먼트,,,0,NNP,*,F,CJ엔터테인먼트,*,*,*,*,*
CJENM,,,0,NNP,*,T,CJENM,*,*,*,*,*
FNC엔터테인먼트,,,0,NNP,*,F,FNC엔터테인먼트,*,*,*,*,*
IST엔터테인먼트,,,0,NNP,*,F,IST엔터테인먼트,*,*,*,*,*
MLD엔터테인먼트,,,0,NNP,*,F,MLD엔터테인먼트,*,*,*,*,*
RBW,,,0,NNP,*,T,RBW,*,*,*,*,*
브레이브엔터테인먼트,,,0,NNP,*,F,브레이브엔터테인먼트,*,*,*,*,*
빅히트뮤직,,,0,NNP,*,T,빅히트뮤직,*,*,*,*,*
빛이나는엔터테인먼트,,,0,NNP,*,F,빛이나는엔터테인먼트,*,*,*,*,*
소니뮤직엔터테인먼트,,,0,NNP,*,F,소니뮤직엔터테인먼트,*,*,*,*,*
스타쉽엔터테인먼트,,,0,NNP,*,F,스타쉽엔터테인먼트,*,*,*,*,*
쏘스뮤직,,,0,NNP,*,T,쏘스뮤직,*,*,*,*,*
씨엘엔컴퍼니,,,0,NNP,*,F,씨엘엔컴퍼니,*,*,*,*,*
아이오케이컴퍼니,,,0,NNP,*,F,아이오케이컴퍼니,*,*,*,*,*
어비스컴퍼니,,,0,NNP,*,F,어비스컴퍼니,*,*,*,*,*
울림엔터테인먼트,,,0,NNP,*,F,울림엔터테인먼트,*,*,*,*,*
워너뮤직,,,0,NNP,*,T,워너뮤직,*,*,*,*,*
카카오엔터테인먼트,,,0,NNP,*,F,카카오엔터테인먼트,*,*,*,*,*
커넥트엔터테인먼트,,,0,NNP,*,F,커넥트엔터테인먼트,*,*,*,*,*
큐브엔터테인먼트,,,0,NNP,*,F,큐브엔터테인먼트,*,*,*,*,*
풍경엔터테인먼트,,,0,NNP,*,F,풍경엔터테인먼트,*,*,*,*,*
플레디스엔터테인먼트,,,0,NNP,*,F,플레디스엔터테인먼트,*,*,*,*,*
제왑피,,,0,NNP,*,F,제왑피,*,*,*,*,*
드라마하우스,,,0,NNP,*,F,드라마하우스,*,*,*,*,*
스엠,,,0,NNP,*,T,스엠,*,*,*,*,*
빅히트엔터테인먼트,,,0,NNP,*,F,빅히트엔터테인먼트,*,*,*,*,*
2010년 남아공 월드컵,,,0,NNP,*,T,2010년 남아공 월드컵,*,*,*,*,*
일본 돔투어,,,0,NNP,*,F,일본 돔투어,*,*,*,*,*
MADE 월드투어,,,0,NNP,*,F,MADE 월드투어,*,*,*,*,*
SMTOWN,,,0,NNP,*,T,SMTOWN,*,*,*,*,*
에스엠타운,,,0,NNP,*,T,에스엠타운,*,*,*,*,*
SM타운,,,0,NNP,*,T,SM타운,*,*,*,*,*
월드컵,,,0,NNP,*,T,월드컵,*,*,*,*,*
월드케이팝콘서트,,,0,NNP,*,F,월드케이팝콘서트,*,*,*,*,*
네버랜드,,,0,NNP,*,F,네버랜드,*,*,*,*,*
더비,,,0,NNP,*,F,더비,*,*,*,*,*
러볼리,,,0,NNP,*,F,러볼리,*,*,*,*,*
러브,,,0,NNP,*,F,러브,*,*,*,*,*
레베럽,,,0,NNP,*,T,레베럽,*,*,*,*,*
루비티,,,0,NNP,*,F,루비티,*,*,*,*,*
마이,,,0,NNP,*,F,마이,*,*,*,*,*
멜로디,,,0,NNP,*,F,멜로디,*,*,*,*,*
모아,,,0,NNP,*,F,모아,*,*,*,*,*
몬베베,,,0,NNP,*,T,몬베베,*,*,*,*,*
무무,,,0,NNP,*,F,무무,*,*,*,*,*
믿지,,,0,NNP,*,F,믿지,*,*,*,*,*
샤이니월드,,,0,NNP,*,F,샤이니월드,*,*,*,*,*
소원,,,0,NNP,*,T,소원,*,*,*,*,*
스테이,,,0,NNP,*,F,스테이,*,*,*,*,*
아로하,,,0,NNP,*,F,아로하,*,*,*,*,*
아미,,,0,NNP,*,F,아미,*,*,*,*,*
에비뉴,,,0,NNP,*,F,에비뉴,*,*,*,*,*
에이티니,,,0,NNP,*,F,에이티니,*,*,*,*,*
엔시티즌,,,0,NNP,*,T,엔시티즌,*,*,*,*,*
엔진,,,0,NNP,*,T,엔진,*,*,*,*,*
엘프,,,0,NNP,*,F,엘프,*,*,*,*,*
원스,,,0,NNP,*,F,원스,*,*,*,*,*
캐럿,,,0,NNP,*,T,캐럿,*,*,*,*,*
판다,,,0,NNP,*,F,판다,*,*,*,*,*
플로버,,,0,NNP,*,F,플로버,*,*,*,*,*
미라클,,,0,NNP,*,T,미라클,*,*,*,*,*
오빛,,,0,NNP,*,T,오빛,*,*,*,*,*
블링크,,,0,NNP,*,F,블링크,*,*,*,*,*
아이코닉,,,0,NNP,*,T,아이코닉,*,*,*,*,*
이너서클,,,0,NNP,*,T,이너서클,*,*,*,*,*
트레저메이커,,,0,NNP,*,F,트레저메이커,*,*,*,*,*
워너블,,,0,NNP,*,T,워너블,*,*,*,*,*
유애나,,,0,NNP,*,F,유애나,*,*,*,*,*
ABNEW,,,0,NNP,*,T,ABNEW,*,*,*,*,*
ARMY,,,0,NNP,*,T,ARMY,*,*,*,*,*
AROHA,,,0,NNP,*,T,AROHA,*,*,*,*,*
ATINY,,,0,NNP,*,T,ATINY,*,*,*,*,*
CARAT,,,0,NNP,*,T,CARAT,*,*,*,*,*
Daileee,,,0,NNP,*,T,Daileee,*,*,*,*,*
E.L.F,,,0,NNP,*,T,E.L.F,*,*,*,*,*
ENGENE,,,0,NNP,*,T,ENGENE,*,*,*,*,*
EXO-L,,,0,NNP,*,T,EXO-L,*,*,*,*,*
FANTASY,,,0,NNP,*,T,FANTASY,*,*,*,*,*
flover,,,0,NNP,*,T,flover,*,*,*,*,*
LoBoly,,,0,NNP,*,T,LoBoly,*,*,*,*,*
LOVE,,,0,NNP,*,T,LOVE,*,*,*,*,*
LUVITY,,,0,NNP,*,T,LUVITY,*,*,*,*,*
MELODY,,,0,NNP,*,T,MELODY,*,*,*,*,*
Midzy,,,0,NNP,*,T,Midzy,*,*,*,*,*
MOA,,,0,NNP,*,T,MOA,*,*,*,*,*
MOOMOO,,,0,NNP,*,T,MOOMOO,*,*,*,*,*
MY,,,0,NNP,*,T,MY,*,*,*,*,*
NCTzen,,,0,NNP,*,T,NCTzen,*,*,*,*,*
ONCE,,,0,NNP,*,T,ONCE,*,*,*,*,*
Panda,,,0,NNP,*,T,Panda,*,*,*,*,*
ReVeluv,,,0,NNP,*,T,ReVeluv,*,*,*,*,*
S♡NE,,,0,NNP,*,T,S♡NE,*,*,*,*,*
SHINee WORLD,,,0,NNP,*,T,SHINee WORLD,*,*,*,*,*
STAY,,,0,NNP,*,T,STAY,*,*,*,*,*
SWITCH,,,0,NNP,*,T,SWITCH,*,*,*,*,*
THE B,,,0,NNP,*,T,THE B,*,*,*,*,*
wow,,,0,NNP,*,T,wow,*,*,*,*,*
BLINK,,,0,NNP,*,T,BLINK,*,*,*,*,*
iKONIC,,,0,NNP,*,T,iKONIC,*,*,*,*,*
INNER CIRCLE,,,0,NNP,*,T,INNER CIRCLE,*,*,*,*,*
TREASURE MAKER,,,0,NNP,*,T,TREASURE MAKER,*,*,*,*,*
VIP,,,0,NNP,*,T,VIP,*,*,*,*,*
S/S 서울컬렉션,,,0,NNP,*,T,S/S 서울컬렉션,*,*,*,*,*
코리아 베스트 드레서,,,0,NNP,*,F,코리아 베스트 드레서,*,*,*,*,*
아시아 모델 시상식,,,0,NNP,*,T,아시아 모델 시상식,*,*,*,*,*
밀라노 패션위크,,,0,NNP,*,F,밀라노 패션위크,*,*,*,*,*
돌체앤가바나,,,0,NNP,*,F,돌체앤가바나,*,*,*,*,*
칸영화제,,,0,NNP,*,T,칸영화제,*,*,*,*,*
SBS,,,0,NNP,*,T,SBS,*,*,*,*,*
TV조선,,,0,NNP,*,T,TV조선,*,*,*,*,*
JTBC,,,0,NNP,*,T,JTBC,*,*,*,*,*
KBS2,,,0,NNP,*,T,KBS2,*,*,*,*,*
tvN,,,0,NNP,*,T,tvN,*,*,*,*,*
MBC,,,0,NNP,*,T,MBC,*,*,*,*,*
Mnet,,,0,NNP,*,T,Mnet,*,*,*,*,*
넷플릭스,,,0,NNP,*,F,넷플릭스,*,*,*,*,*
디즈니플러스,,,0,NNP,*,F,디즈니플러스,*,*,*,*,*
티빙,,,0,NNP,*,T,티빙,*,*,*,*,*
쿠팡플레이,,,0,NNP,*,F,쿠팡플레이,*,*,*,*,*
왓챠,,,0,NNP,*,F,왓챠,*,*,*,*,*
웨이브,,,0,NNP,*,F,웨이브,*,*,*,*,*
wavve,,,0,NNP,*,T,wavve,*,*,*,*,*
TVING,,,0,NNP,*,T,TVING,*,*,*,*,*
브이라이브,,,0,NNP,*,F,브이라이브,*,*,*,*,*
V LIVE,,,0,NNP,*,T,V LIVE,*,*,*,*,*
네이버TV,,,0,NNP,*,T,네이버TV,*,*,*,*,*
디즈니+,,,0,NNP,*,T,디즈니+,*,*,*,*,*
시즌,,,0,NNP,*,T,시즌,*,*,*,*,*
HBO,,,0,NNP,*,T,HBO,*,*,*,*,*
BBC코리아,,,0,NNP,*,F,BBC코리아,*,*,*,*,*
블룸버그통신,,,0,NNP,*,T,블룸버그통신,*,*,*,*,*
NBC뉴스,,,0,NNP,*,F,NBC뉴스,*,*,*,*,*
NHK,,,0,NNP,*,T,NHK,*,*,*,*,*
넷플,,,0,NNP,*,T,넷플,*,*,*,*,*
에이치비오,,,0,NNP,*,F,에이치비오,*,*,*,*,*
디플,,,0,NNP,*,T,디플,*,*,*,*,*
유튭,,,0,NNP,*,T,유튭,*,*,*,*,*
유툽,,,0,NNP,*,T,유툽,*,*,*,*,*
유투브,,,0,NNP,*,F,유투브,*,*,*,*,*
엠비씨,,,0,NNP,*,F,엠비씨,*,*,*,*,*
제이티비씨,,,0,NNP,*,F,제이티비씨,*,*,*,*,*
괜찮아 사랑이야,,,0,NNP,*,F,괜찮아 사랑이야,*,*,*,*,*
선암여고 탐정단,,,0,NNP,*,T,선암여고 탐정단,*,*,*,*,*
설강화,,,0,NNP,*,F,설강화,*,*,*,*,*
남고괴담,,,0,NNP,*,T,남고괴담,*,*,*,*,*
독전,,,0,NNP,*,T,독전,*,*,*,*,*
괴이,,,0,NNP,*,F,괴이,*,*,*,*,*
멜랑꼴리아,,,0,NNP,*,F,멜랑꼴리아,*,*,*,*,*
홍천기,,,0,NNP,*,F,홍천기,*,*,*,*,*
싱글 인 서울,,,0,NNP,*,T,싱글 인 서울,*,*,*,*,*
마이썬,,,0,NNP,*,T,마이썬,*,*,*,*,*
꼬리에 꼬리를 무는 그날 이야기,,,0,NNP,*,F,꼬리에 꼬리를 무는 그날 이야기,*,*,*,*,*
이야기끈,,,0,NNP,*,T,이야기끈,*,*,*,*,*
더 먹고 가,,,0,NNP,*,F,더 먹고 가,*,*,*,*,*
티키타CAR,,,0,NNP,*,T,티키타CAR,*,*,*,*,*
더 문,,,0,NNP,*,T,더 문,*,*,*,*,*
백스피릿,,,0,NNP,*,T,백스피릿,*,*,*,*,*
시고르 경양식,,,0,NNP,*,T,시고르 경양식,*,*,*,*,*
새해전야,,,0,NNP,*,F,새해전야,*,*,*,*,*
시나브로 꿈 조작단,,,0,NNP,*,T,시나브로 꿈 조작단,*,*,*,*,*
마우스,,,0,NNP,*,F,마우스,*,*,*,*,*
키마이라,,,0,NNP,*,F,키마이라,*,*,*,*,*
지금 헤어지는 중입니다,,,0,NNP,*,F,지금 헤어지는 중입니다,*,*,*,*,*
간 떨어지는 동거,,,0,NNP,*,F,간 떨어지는 동거,*,*,*,*,*
새콤달콤,,,0,NNP,*,T,새콤달콤,*,*,*,*,*
어느 날 우리집 현관으로 멸망이 들어왔다,,,0,NNP,*,F,어느 날 우리집 현관으로 멸망이 들어왔다,*,*,*,*,*
파이프라인,,,0,NNP,*,T,파이프라인,*,*,*,*,*
그 해 우리는,,,0,NNP,*,T,그 해 우리는,*,*,*,*,*
너를 닮은 사람,,,0,NNP,*,T,너를 닮은 사람,*,*,*,*,*
달리와 감자탕,,,0,NNP,*,T,달리와 감자탕,*,*,*,*,*
하이클래스,,,0,NNP,*,F,하이클래스,*,*,*,*,*
경로를 이탈하였습니다,,,0,NNP,*,F,경로를 이탈하였습니다,*,*,*,*,*
오징어게임,,,0,NNP,*,T,오징어게임,*,*,*,*,*
스카이캐슬,,,0,NNP,*,T,스카이캐슬,*,*,*,*,*
군함도,,,0,NNP,*,F,군함도,*,*,*,*,*
디어엠,,,0,NNP,*,T,디어엠,*,*,*,*,*
펜트하우스,,,0,NNP,*,F,펜트하우스,*,*,*,*,*
꽃 피면 달 생각하고,,,0,NNP,*,F,꽃 피면 달 생각하고,*,*,*,*,*
고스트 닥터,,,0,NNP,*,F,고스트 닥터,*,*,*,*,*
한 사람만,,,0,NNP,*,T,한 사람만,*,*,*,*,*
공작도시,,,0,NNP,*,F,공작도시,*,*,*,*,*
악의 마음을 읽는 자들,,,0,NNP,*,T,악의 마음을 읽는 자들,*,*,*,*,*
배드 앤 크레이지,,,0,NNP,*,F,배드 앤 크레이지,*,*,*,*,*
신사와 아가씨,,,0,NNP,*,F,신사와 아가씨,*,*,*,*,*
불가살,,,0,NNP,*,T,불가살,*,*,*,*,*
엉클,,,0,NNP,*,T,엉클,*,*,*,*,*
태종 이방원,,,0,NNP,*,T,태종 이방원,*,*,*,*,*
두 번째 남편,,,0,NNP,*,T,두 번째 남편,*,*,*,*,*
사랑의 꽈배기,,,0,NNP,*,F,사랑의 꽈배기,*,*,*,*,*
국가대표 와이프,,,0,NNP,*,F,국가대표 와이프,*,*,*,*,*
돈워리 살구,,,0,NNP,*,F,돈워리 살구,*,*,*,*,*
쇼윈도,,,0,NNP,*,F,쇼윈도,*,*,*,*,*
멜랑꼴리아,,,0,NNP,*,F,멜랑꼴리아,*,*,*,*,*
옷소매 붉은 끝동,,,0,NNP,*,T,옷소매 붉은 끝동,*,*,*,*,*
어사와 조이,,,0,NNP,*,F,어사와 조이,*,*,*,*,*
키마이라,,,0,NNP,*,F,키마이라,*,*,*,*,*
연모,,,0,NNP,*,F,연모,*,*,*,*,*
지리산,,,0,NNP,*,T,지리산,*,*,*,*,*
구경이,,,0,NNP,*,F,구경이,*,*,*,*,*
빨강 구두,,,0,NNP,*,F,빨강 구두,*,*,*,*,*
너를 닮은 사람,,,0,NNP,*,T,너를 닮은 사람,*,*,*,*,*
검은태양,,,0,NNP,*,T,검은태양,*,*,*,*,*
홍천기,,,0,NNP,*,F,홍천기,*,*,*,*,*
인간실격,,,0,NNP,*,T,인간실격,*,*,*,*,*
홈타운,,,0,NNP,*,T,홈타운,*,*,*,*,*
하이클래스,,,0,NNP,*,F,하이클래스,*,*,*,*,*
갯마을 차차차,,,0,NNP,*,F,갯마을 차차차,*,*,*,*,*
이미테이션,,,0,NNP,*,T,이미테이션,*,*,*,*,*
빈센조,,,0,NNP,*,F,빈센조,*,*,*,*,*
나빌레라,,,0,NNP,*,F,나빌레라,*,*,*,*,*
솔로지옥,,,0,NNP,*,T,솔로지옥,*,*,*,*,*
불가살,,,0,NNP,*,T,불가살,*,*,*,*,*
DP,,,0,NNP,*,T,DP,*,*,*,*,*
마이 네임,,,0,NNP,*,T,마이 네임,*,*,*,*,*
멜로가체질,,,0,NNP,*,T,멜로가체질,*,*,*,*,*
경이로운 소문,,,0,NNP,*,T,경이로운 소문,*,*,*,*,*
스위트홈,,,0,NNP,*,T,스위트홈,*,*,*,*,*
청춘기록,,,0,NNP,*,T,청춘기록,*,*,*,*,*
청춘시대,,,0,NNP,*,T,청춘시대,*,*,*,*,*
지금 우리 학교는,,,0,NNP,*,T,지금 우리 학교는,*,*,*,*,*
소년심판,,,0,NNP,*,T,소년심판,*,*,*,*,*
수리남,,,0,NNP,*,T,수리남,*,*,*,*,*
안나라수마나라,,,0,NNP,*,F,안나라수마나라,*,*,*,*,*
모범가족,,,0,NNP,*,T,모범가족,*,*,*,*,*
종이의 집,,,0,NNP,*,T,종이의 집,*,*,*,*,*
썸바디,,,0,NNP,*,F,썸바디,*,*,*,*,*
글리치,,,0,NNP,*,F,글리치,*,*,*,*,*
블랙의 신부,,,0,NNP,*,F,블랙의 신부,*,*,*,*,*
택배기사,,,0,NNP,*,F,택배기사,*,*,*,*,*
더 패뷸러스,,,0,NNP,*,F,더 패뷸러스,*,*,*,*,*
연애대전,,,0,NNP,*,T,연애대전,*,*,*,*,*
종말의 바보,,,0,NNP,*,F,종말의 바보,*,*,*,*,*
도적: 칼의 소리,,,0,NNP,*,F,도적: 칼의 소리,*,*,*,*,*
더 글러리,,,0,NNP,*,F,더 글러리,*,*,*,*,*
사냥개들,,,0,NNP,*,T,사냥개들,*,*,*,*,*
퀸메이커,,,0,NNP,*,F,퀸메이커,*,*,*,*,*
당신이 소원을 말하면,,,0,NNP,*,T,당신이 소원을 말하면,*,*,*,*,*
위기의 여자,,,0,NNP,*,F,위기의 여자,*,*,*,*,*
셀레브리티,,,0,NNP,*,F,셀레브리티,*,*,*,*,*
마스크걸,,,0,NNP,*,T,마스크걸,*,*,*,*,*
BC카드,,,0,NNP,*,F,BC카드,*,*,*,*,*
BHG백화점,,,0,NNP,*,T,BHG백화점,*,*,*,*,*
CGV,,,0,NNP,*,T,CGV,*,*,*,*,*
GS칼텍스,,,0,NNP,*,F,GS칼텍스,*,*,*,*,*
IBK투자증권,,,0,NNP,*,T,IBK투자증권,*,*,*,*,*
LG전자,,,0,NNP,*,F,LG전자,*,*,*,*,*
SPC그룹,,,0,NNP,*,T,SPC그룹,*,*,*,*,*
롯데관광개발,,,0,NNP,*,T,롯데관광개발,*,*,*,*,*
롯데홈쇼핑,,,0,NNP,*,T,롯데홈쇼핑,*,*,*,*,*
마이크로소프트,,,0,NNP,*,F,마이크로소프트,*,*,*,*,*
마켓컬리,,,0,NNP,*,F,마켓컬리,*,*,*,*,*
소프트뱅크,,,0,NNP,*,F,소프트뱅크,*,*,*,*,*
스튜디오드래곤,,,0,NNP,*,T,스튜디오드래곤,*,*,*,*,*
엔씨소프트,,,0,NNP,*,F,엔씨소프트,*,*,*,*,*
엔비디아,,,0,NNP,*,F,엔비디아,*,*,*,*,*
이마트24,,,0,NNP,*,T,이마트24,*,*,*,*,*
푸라닭,,,0,NNP,*,T,푸라닭,*,*,*,*,*
배달의민족,,,0,NNP,*,T,배달의민족,*,*,*,*,*
스타벅스,,,0,NNP,*,F,스타벅스,*,*,*,*,*
스벅,,,0,NNP,*,T,스벅,*,*,*,*,*
YG플러스,,,0,NNP,*,F,YG플러스,*,*,*,*,*
크래프톤,,,0,NNP,*,T,크래프톤,*,*,*,*,*
제이콘텐트리,,,0,NNP,*,F,제이콘텐트리,*,*,*,*,*
카카오뱅크,,,0,NNP,*,F,카카오뱅크,*,*,*,*,*
카카오게임즈,,,0,NNP,*,F,카카오게임즈,*,*,*,*,*
카카오TV,,,0,NNP,*,T,카카오TV,*,*,*,*,*
케이뱅크,,,0,NNP,*,F,케이뱅크,*,*,*,*,*
메가박스,,,0,NNP,*,F,메가박스,*,*,*,*,*
로블록스,,,0,NNP,*,F,로블록스,*,*,*,*,*
당근마켓,,,0,NNP,*,T,당근마켓,*,*,*,*,*
닐슨코리아,,,0,NNP,*,F,닐슨코리아,*,*,*,*,*
바이브컴퍼니,,,0,NNP,*,F,바이브컴퍼니,*,*,*,*,*
세이브더칠드런,,,0,NNP,*,T,세이브더칠드런,*,*,*,*,*
챗봇 이루다,,,0,NNP,*,F,챗봇 이루다,*,*,*,*,*
